﻿<?xml version="1.0" encoding="utf-8"?>
<Solution xmlns="http://schemas.microsoft.com/sharepoint/" SolutionId="7195b79c-d8dd-42ca-a156-93f231f32817" ResetWebServer="TRUE" SharePointProductVersion="19.0">
  <Assemblies>
    <Assembly Location="AjaxControlToolkit.dll" DeploymentTarget="GlobalAssemblyCache" />
    <Assembly Location="Eversheds.SharePoint.KnowledgeSubmissions.dll" DeploymentTarget="GlobalAssemblyCache" />
  </Assemblies>
  <TemplateFiles>
    <TemplateFile Location="Images\Eversheds\ajax-loader.gif" />
    <TemplateFile Location="Images\Eversheds\feature_logo.gif" />
    <TemplateFile Location="Images\Eversheds\treeViewStar.gif" />
    <TemplateFile Location="Layouts\Eversheds\KnowArcMail.aspx" />
    <TemplateFile Location="Layouts\Eversheds\KnowSub.css" />
    <TemplateFile Location="Layouts\Eversheds\KnowSubRej.aspx" />
    <TemplateFile Location="Layouts\Eversheds\KnowSubRel.aspx" />
    <TemplateFile Location="Layouts\Eversheds\KnowSubRes.aspx" />
    <TemplateFile Location="Layouts\Eversheds\KnowSubRev.aspx" />
  </TemplateFiles>
  <FeatureManifests>
    <FeatureManifest Location="Eversheds.SharePoint.KnowledgeSubmissions_Knowledge Submission\Feature.xml" />
  </FeatureManifests>
</Solution>
