﻿<?xml version="1.0" encoding="utf-8"?>
<Elements xmlns="http://schemas.microsoft.com/sharepoint/">
	<!-- Release Knowledge Item action -->
	<CustomAction
		Id="{1328F7D1-C5F6-4c21-A618-3C960122A58B}"
		RegistrationType="List"
		RegistrationId="101"
		Location="EditControlBlock"
		Sequence="110"
		Title="Release Knowledge Item">
		<UrlAction Url="{SiteUrl}/_layouts/Eversheds/KnowSubRel.aspx?List={ListId}&amp;ID={ItemId}"/>
	</CustomAction>

	<!-- Reject Knowledge Item action -->
	<CustomAction
		Id="{FDFF2256-51B3-4a8b-B49F-3157AE1398D3}"
		RegistrationType="List"
		RegistrationId="101"
		Location="EditControlBlock"
		Sequence="111"
		Title="Reject Knowledge Item">
		<UrlAction Url="{SiteUrl}/_layouts/Eversheds/KnowSubRej.aspx?List={ListId}&amp;ID={ItemId}"/>
	</CustomAction>

	<!-- Send Item for Review action -->
	<CustomAction
		Id="{9438f6c5-8074-4524-a73d-b605dda61243}"
		RegistrationType="List"
		RegistrationId="101"
		Location="EditControlBlock"
		Sequence="111"
		Title="Send Item for Review">
		<UrlAction Url="{SiteUrl}/_layouts/Eversheds/KnowSubRev.aspx?List={ListId}&amp;ID={ItemId}"/>
	</CustomAction>

	<!-- Restore Knowledge Item action -->
	<CustomAction
		Id="{DF9D6BD6-444F-11DD-8AC3-B46755D89593}"
		RegistrationType="List"
		RegistrationId="381"
		Location="EditControlBlock"
		Sequence="111"
		Title="Restore Knowledge Item">
		<UrlAction Url="{SiteUrl}/_layouts/Eversheds/KnowSubRes.aspx?List={ListId}&amp;ID={ItemId}"/>
	</CustomAction>

	<!-- Restore Knowledge Item action -->
	<CustomAction
		Id="{8EC31F3D-8622-4a4a-B746-C14731AA3B57}"
		RegistrationType="List"
		RegistrationId="101"
		Location="EditControlBlock"
		Sequence="111"
		Title="Archive Email"
		>
		<UrlAction Url="{SiteUrl}/_layouts/Eversheds/KnowArcMail.aspx?List={ListId}&amp;ID={ItemId}"/>
	</CustomAction>
</Elements>
